{"54.225.122.148": [39.0373, -77.4805], "75.2.76.8": [47.6488, -122.3964], "54.164.36.41": [39.0373, -77.4805], "5.161.7.195": [39.0469, -77.4903], "3.212.157.138": [39.0373, -77.4805], "74.125.200.188": [38.00881, -122.11746], "4.213.25.242": [18.5211, 73.8502], "104.18.18.125": [43.6561, -79.3406], "74.125.130.188": [38.00881, -122.11746], "162.159.137.105": [43.6561, -79.3406], "52.205.140.106": [39.0373, -77.4805], "4.213.25.241": [18.5211, 73.8502], "52.207.50.16": [39.0373, -77.4805], "18.214.48.198": [39.0373, -77.4805], "52.203.30.204": [39.0373, -77.4805], "104.26.9.44": [43.6561, -79.3406], "52.20.37.252": [39.0373, -77.4805], "13.107.246.68": [43.6561, -79.3406], "74.125.24.188": [37.5718, 126.9798], "151.101.2.132": [37.7642, -122.3993], "142.250.70.86": [38.00881, -122.11746], "44.220.107.155": [39.0373, -77.4805], "151.101.66.132": [37.7642, -122.3993], "142.250.199.129": [3.139, 101.6869], "151.101.130.132": [37.7642, -122.3993], "44.205.90.171": [39.0373, -77.4805]}