{"54.225.122.148": [39.0373, -77.4805], "75.2.76.8": [47.6488, -122.3964], "54.164.36.41": [39.0373, -77.4805], "5.161.7.195": [39.0469, -77.4903], "3.212.157.138": [39.0373, -77.4805], "74.125.200.188": [38.00881, -122.11746], "4.213.25.242": [18.5211, 73.8502], "104.18.18.125": [43.6561, -79.3406], "74.125.130.188": [38.00881, -122.11746], "162.159.137.105": [43.6561, -79.3406], "52.205.140.106": [39.0373, -77.4805], "4.213.25.241": [18.5211, 73.8502], "52.207.50.16": [39.0373, -77.4805], "18.214.48.198": [39.0373, -77.4805], "52.203.30.204": [39.0373, -77.4805], "104.26.9.44": [43.6561, -79.3406], "52.20.37.252": [39.0373, -77.4805], "13.107.246.68": [43.6561, -79.3406], "74.125.24.188": [37.5718, 126.9798], "151.101.2.132": [37.7642, -122.3993], "142.250.70.86": [38.00881, -122.11746], "44.220.107.155": [39.0373, -77.4805], "151.101.66.132": [37.7642, -122.3993], "142.250.199.129": [3.139, 101.6869], "151.101.130.132": [37.7642, -122.3993], "44.205.90.171": [39.0373, -77.4805], "35.71.162.24": [47.6488, -122.3964], "99.83.165.34": [47.6488, -122.3964], "204.79.197.222": [45.5186, -73.5545], "52.205.96.147": [39.0373, -77.4805], "34.195.126.113": [39.0373, -77.4805], "23.202.229.22": [13.0754, 80.2737], "13.107.4.254": [43.6561, -79.3406], "52.109.56.126": [18.5211, 73.8502], "52.113.196.254": [45.5186, -73.5545], "57.151.200.54": [41.6857, -81.6728], "150.171.70.254": [43.6561, -79.3406], "74.125.68.188": [38.00881, -122.11746], "52.98.123.242": [18.5211, 73.8502], "204.79.197.254": [45.5186, -73.5545], "142.250.4.188": [38.00881, -122.11746], "142.250.77.165": [19.0748, 72.8856], "142.250.196.35": [13.0269, 80.2406], "104.22.14.220": [43.6561, -79.3406], "129.227.246.141": [28.6114, 77.2982], "20.194.184.156": [35.6893, 139.6899], "103.3.33.8": [30.72778, 76.77778], "3.210.187.20": [39.0373, -77.4805], "35.223.238.178": [41.2324, -95.8751], "20.190.146.33": [18.5211, 73.8502], "34.239.53.15": [39.0373, -77.4805], "108.177.122.94": [38.00881, -122.11746], "64.233.185.94": [38.00881, -122.11746], "23.21.51.138": [39.0373, -77.4805], "34.120.195.249": [38.9296, -94.5009], "74.125.24.84": [37.5718, 126.9798], "52.7.97.229": [39.0373, -77.4805], "151.101.193.140": [37.7642, -122.3993], "142.250.182.106": [13.0269, 80.2406], "52.203.195.56": [39.0373, -77.4805], "18.239.111.81": [19.0748, 72.8856], "151.101.129.140": [37.7642, -122.3993], "52.202.120.215": [39.0373, -77.4805], "216.239.34.157": [38.00881, -122.11746], "142.250.195.99": [13.0269, 80.2406], "142.250.206.51": [45.5186, -73.5545], "142.250.195.110": [13.0269, 80.2406], "142.250.196.10": [13.0269, 80.2406], "142.251.221.174": [14.591, 120.9868], "49.45.151.75": [19.0748, 72.8856], "142.250.183.227": [19.0748, 72.8856], "142.250.182.110": [13.0269, 80.2406], "13.107.246.58": [43.6561, -79.3406], "104.26.8.44": [43.6561, -79.3406], "129.227.213.243": [18.9474, 72.8138], "54.204.82.244": [39.0373, -77.4805], "52.70.132.246": [39.0373, -77.4805], "202.144.79.6": [13.0269, 80.2406]}